id_xe,tieu_de,gia_ban_text,nam_san_xuat,hang_xe_mau_xe,gia_ban,tinh_trang,so_km,xuat_xu,kieu_dang,dong_co,nhien_lieu,dung_tich,mau_ngoai_that,mau_noi_that,so_cho,so_cua,ngay_dang,dia_chi,thanh_pho
6184543,"Xe 
			
							Toyota Corolla Cross 
						1.8V 
						2021
						- 720 Triệu",720 Triệu,2021,Xe Toyota Corolla Cross 1.8V,720.0,Xe đã dùng,41000.0,Nhập khẩu,SUV,Xăng  1.8 L,Xăng,1.8,Xám,Đen,5,5,12/04/2025,"56A An Dương Vương, Phường 16, Quận 8 TP HCM",TP HCM
6156369,"Xe 
			
							Ford Ranger 
						Raptor 2.0L 4x4 AT 
						2023
						- 1 Tỷ 175 Triệu",1 Tỷ 175 Triệu,2023,Xe Ford Ranger Raptor 2.0L 4x4 AT,1000.0,Xe đã dùng,33000.0,Nhập khẩu,Bán tải / Pickup,Dầu  2.0 L,Dầu,2.0,Xám,Đen,5,4,12/04/2025,"61 Cao Thắng , p3 , Q3 TP HCM 
								 Xem gian hàng  ⇨",TP HCM
6140327,"Xe 
			
							Ford Ranger 
						XLS 2.0L 4x2 AT 
						2025
						- 677 Triệu",677 Triệu,2025,Xe Ford Ranger XLS 2.0L 4x2 AT,677.0,Xe mới,,Lắp ráp trong nước,Bán tải / Pickup,Dầu  2.0 L,Dầu,2.0,Trắng,Đỏ,5,4,12/04/2025,105 Láng Hạ Hà Nội,Hà Nội
6133248,"Xe 
			
							Ford Everest 
						Titanium 2.0L 4x4 AT 
						2019
						- 895 Triệu",895 Triệu,2019,Xe Ford Everest Titanium 2.0L 4x4 AT,895.0,Xe đã dùng,45000.0,Nhập khẩu,SUV,Dầu  2.0 L,Dầu,2.0,Trắng,Đen,7,5,12/04/2025,"150 Huỳnh Tấn Phát, P. Tân Thuận Tây, Quận 7 TP HCM 
								 Xem gian hàng  ⇨",TP HCM
6110829,"Xe 
			
							Toyota Fortuner 
						2.7V 4x2 AT 
						2019
						- 710 Triệu",710 Triệu,2019,Xe Toyota Fortuner 2.7V 4x2 AT,710.0,Xe đã dùng,85000.0,Nhập khẩu,SUV,Xăng  2.7 L,Xăng,2.7,Bạc,Nâu,7,5,12/04/2025,"Lạc Long Quân,  Tân Bình TP HCM",TP HCM
6076889,"Xe 
			
							Hyundai Elantra 
						2.0 AT Cao cấp 
						2023
						- 640 Triệu",640 Triệu,2023,Xe Hyundai Elantra 2.0 AT Cao cấp,640.0,Xe đã dùng,11000.0,Lắp ráp trong nước,Sedan,Xăng  2.0 L,Xăng,2.0,Đen,Đen,5,4,12/04/2025,"191-193 Nguyễn Văn Cừ, P. Võ Cường, Tp. Bắc Ninh Bắc Ninh",
5914836,"Xe 
			
							Toyota Land Cruiser 
						3.5 V6 
						2025
						- 4 Tỷ 286 Triệu",4 Tỷ 286 Triệu,2025,Xe Toyota Land Cruiser 3.5 V6,4000.0,Xe mới,,Nhập khẩu,SUV,Xăng  3.4 L,Xăng,3.4,Đen,Đen,7,5,12/04/2025,"Thanh Xuân Hà Nội 
								 Xem gian hàng  ⇨",Hà Nội
6150755,"Xe 
			
							Mercedes Benz S class 
						S400L 
						2015
						- 1 Tỷ 161 Triệu",1 Tỷ 161 Triệu,2015,Xe Mercedes Benz S class S400L,1000.0,Xe đã dùng,80000.0,Lắp ráp trong nước,Sedan,Xăng  3.0 L,Xăng,3.0,Đen,Nâu,5,4,12/04/2025,Tp Hcm TP HCM,TP HCM
4662175,"Xe 
			
							Mercedes Benz Maybach 
						S680 4Matic 
						2022
						- 14 Tỷ 900 Triệu",14 Tỷ 900 Triệu,2022,Xe Mercedes Benz Maybach S680 4Matic,14000.0,Xe mới,,Nhập khẩu,Sedan,Xăng  6.0 L,Xăng,6.0,Trắng,Kem,4,4,12/04/2025,Số 2 Tôn Thất Thuyết - Mỹ Đình Hà Nội,Hà Nội
6184036,"Xe 
			
							Lexus RX 
						350 
						2017
						- 2 Tỷ 620 Triệu",2 Tỷ 620 Triệu,2017,Xe Lexus RX 350,2000.0,Xe đã dùng,75000.0,Nhập khẩu,SUV,Xăng  3.5 L,Xăng,3.5,Trắng,Nâu,5,5,12/04/2025,"463A - 463B Trần Hưng Đạo, Phường Cầu Kho, Quận 1, TP.HCM TP HCM",TP HCM
6165188,"Xe 
			
							Ford Focus 
						Trend 1.5L 
						2017
						- 422 Triệu",422 Triệu,2017,Xe Ford Focus Trend 1.5L,422.0,Xe đã dùng,40000.0,Lắp ráp trong nước,Sedan,Xăng  1.5 L,Xăng,1.5,Đỏ,Đen,5,4,12/04/2025,"161F phường 3, Quận 8 TP HCM 
								 Xem gian hàng  ⇨",TP HCM
6162867,"Xe 
			
							Hyundai Custin 
						Cao Cấp 1.5T 
						2025
						- 922 Triệu",922 Triệu,2025,Xe Hyundai Custin Cao Cấp 1.5T,922.0,Xe mới,,Lắp ráp trong nước,Van/Minivan,Xăng  1.5 L,Xăng,1.5,Xanh,Đen,7,5,12/04/2025,"94-96 Phạm Đình Hổ, Phường 2, Quận 6 TP HCM",TP HCM
6138892,"Xe 
			
							VinFast VF5 
						Plus 
						2025
						- 499 Triệu",499 Triệu,2025,Xe VinFast VF5 Plus,499.0,Xe mới,,Lắp ráp trong nước,SUV,Điện,Điện,,Ghi,Đen,5,5,12/04/2025,65/1A Lê Thị Riêng - Thới An - Quận 12 - TPHCM TP HCM,TP HCM
6063632,"Xe 
			
							Toyota Corolla Cross 
						1.8V 
						2025
						- 790 Triệu",790 Triệu,2025,Xe Toyota Corolla Cross 1.8V,790.0,Xe mới,,Nhập khẩu,SUV,Xăng  1.8 L,Xăng,1.8,Trắng,Đen,5,5,12/04/2025,"315 Trường Chinh - Thanh Xuân Hà Nội 
								 Xem gian hàng  ⇨",Hà Nội
6169760,"Xe 
			
							Lexus ES 
						250 
						2025
						- 2 Tỷ 360 Triệu",2 Tỷ 360 Triệu,2025,Xe Lexus ES 250,2000.0,Xe mới,,Nhập khẩu,Sedan,Xăng  2.5 L,Xăng,2.5,Đen,Kem,5,4,12/04/2025,"Tổ dân phố 8, P Mỹ Đình 1, Q Nam Từ Liêm (Ngã 4 Phạm Hùng vs Dương Đình Nghệ) Hà Nội",Hà Nội
5161761,"Xe 
			
							Mini Cooper 
						Clubman S 
						2023
						- 2 Tỷ 339 Triệu",2 Tỷ 339 Triệu,2023,Xe Mini Cooper Clubman S,2000.0,Xe mới,,Nhập khẩu,Hatchback,Xăng  2.0 L,Xăng,2.0,Trắng,Đen,5,5,12/04/2025,"68 Lê Văn Lương, P. Nhân Chính, Q. Thanh Xuân Hà Nội",Hà Nội
6184222,"Xe 
			
							Mazda CX8 
						Luxury 
						2022
						- 860 Triệu",860 Triệu,2022,Xe Mazda CX8 Luxury,860.0,Xe đã dùng,16000.0,Lắp ráp trong nước,SUV,Xăng  2.5 L,Xăng,2.5,Xanh,Đen,7,5,12/04/2025,"463A - 463B Trần Hưng Đạo, Phường Cầu Kho, Quận 1, TP.HCM TP HCM",TP HCM
6148650,"Xe 
			
							Mazda CX5 
						2.5 AT AWD 
						2016
						- 525 Triệu",525 Triệu,2016,Xe Mazda CX5 2.5 AT AWD,525.0,Xe đã dùng,69000.0,Lắp ráp trong nước,SUV,Xăng  2.5 L,Xăng,2.5,Đen,Đen,5,5,12/04/2025,"272 Nguyễn Xiển, Thanh Xuân Hà Nội",Hà Nội
6078883,"Xe 
			
							Mazda 3 
						1.5L Luxury 
						2023
						- 606 Triệu",606 Triệu,2023,Xe Mazda 3 1.5L Luxury,606.0,Xe đã dùng,0.0,Lắp ráp trong nước,Sedan,Xăng  1.5 L,Xăng,1.5,Trắng,Đồng,5,4,12/04/2025,Hà Nội Hà Nội,Hà Nội
6156946,"Xe 
			
							Honda CRV 
						E 
						2021
						- 785 Triệu",785 Triệu,2021,Xe Honda CRV E,785.0,Xe đã dùng,46000.0,Lắp ráp trong nước,SUV,Xăng  1.5 L,Xăng,1.5,Trắng,Kem,7,5,12/04/2025,"272 Nguyễn Xiển, Thanh Xuân Hà Nội",Hà Nội
6078839,"Xe 
			
							Mercedes Benz E class 
						E250 
						2012
						- 438 Triệu",438 Triệu,2012,Xe Mercedes Benz E class E250,438.0,Xe đã dùng,90000.0,Lắp ráp trong nước,Sedan,Xăng  1.8 L,Xăng,1.8,Đen,Kem,5,4,12/04/2025,Hà Nội Hà Nội,Hà Nội
6181058,"Xe 
			
							Mitsubishi Xforce 
						Exceed 
						2024
						- 629 Triệu",629 Triệu,2024,Xe Mitsubishi Xforce Exceed,629.0,Xe đã dùng,5000.0,Nhập khẩu,SUV,Xăng  1.5 L,Xăng,1.5,Trắng,Đen,5,5,12/04/2025,"272 Nguyễn Xiển, Thanh Xuân Hà Nội",Hà Nội
6115568,"Xe 
			
							Hyundai Kona 
						Đặc biệt 2.0 AT 
						2022
						- 585 Triệu",585 Triệu,2022,Xe Hyundai Kona Đặc biệt 2.0 AT,585.0,Xe đã dùng,29000.0,Lắp ráp trong nước,Crossover,Xăng  2.0 L,Xăng,2.0,Trắng,Đen,5,5,12/04/2025,"272 Nguyễn Xiển, Thanh Xuân Hà Nội",Hà Nội
6177252,"Xe 
			
							Honda Civic 
						G 1.5 AT 
						2022
						- 665 Triệu",665 Triệu,2022,Xe Honda Civic G 1.5 AT,665.0,Xe đã dùng,55000.0,Nhập khẩu,Sedan,Xăng  1.5 L,Xăng,1.5,Xám,Đen,5,4,12/04/2025,"272 Nguyễn Xiển, Thanh Xuân Hà Nội",Hà Nội
6116841,"Xe 
			
							Mazda 3 
						1.5 AT 
						2018
						- 445 Triệu",445 Triệu,2018,Xe Mazda 3 1.5 AT,445.0,Xe đã dùng,80000.0,Lắp ráp trong nước,Hatchback,Xăng  1.5 L,Xăng,1.5,Đỏ,Đen,5,5,12/04/2025,"272 Nguyễn Xiển, Thanh Xuân Hà Nội",Hà Nội
6133423,"Xe 
			
							Toyota Innova 
						E 2.0 MT 
						2022
						- 620 Triệu",620 Triệu,2022,Xe Toyota Innova E 2.0 MT,620.0,Xe đã dùng,45000.0,Lắp ráp trong nước,Crossover,Xăng  2.0 L,Xăng,2.0,Màu khác,Cam,8,5,12/04/2025,"1797 Quốc Lộ 51 ,Ấp Xóm Gốc , Xã Long An , Huyện Long Thành Đồng Nai",
6162500,"Xe 
			
							Mercedes Benz GLC 
						300 4Matic 
						2018
						- 1 Tỷ 90 Triệu",1 Tỷ 90 Triệu,2018,Xe Mercedes Benz GLC 300 4Matic,1000.0,Xe đã dùng,80000.0,Lắp ráp trong nước,SUV,Xăng  2.0 L,Xăng,2.0,Trắng,Kem,5,5,12/04/2025,Tp Hcm TP HCM,TP HCM
6180992,"Xe 
			
							Ford Territory 
						Titanium 1.5 AT 
						2023
						- 795 Triệu",795 Triệu,2023,Xe Ford Territory Titanium 1.5 AT,795.0,Xe đã dùng,64000.0,Lắp ráp trong nước,SUV,Xăng  1.5 L,Xăng,1.5,Đỏ,Đen,5,5,12/04/2025,"Bình chánh, tphcm TP HCM",TP HCM
6176621,"Xe 
			
							Audi Q7 
						45 TFSI Quattro 
						2020
						- 2 Tỷ 499 Triệu",2 Tỷ 499 Triệu,2020,Xe Audi Q7 45 TFSI Quattro,2000.0,Xe đã dùng,42000.0,Nhập khẩu,SUV,Xăng  2.0 L,Xăng,2.0,Trắng,Nâu,7,5,12/04/2025,"Số 25 đường số 16 Phú Mỹ Hưng, Midtown TP HCM",TP HCM
6165172,"Xe 
			
							VinFast VF6 
						Plus 
						2025
						- 749 Triệu",749 Triệu,2025,Xe VinFast VF6 Plus,749.0,Xe mới,,Lắp ráp trong nước,SUV,Điện  0.6 L,Điện,0.6,Trắng,Đen,5,5,12/04/2025,65/1A Lê Thị Riêng - Thới An - Quận 12 - TPHCM TP HCM,TP HCM
6162125,"Xe 
			
							Toyota Fortuner 
						2.7V 4x2 AT 
						2019
						- 780 Triệu",780 Triệu,2019,Xe Toyota Fortuner 2.7V 4x2 AT,780.0,Xe đã dùng,98000.0,Nhập khẩu,SUV,Xăng  2.7 L,Xăng,2.7,Nâu,Nâu,7,5,12/04/2025,"Ngã ba Pháp Vân, Phường Hoàng Liệt, Quận Hoàng Mai Hà Nội",Hà Nội
6148293,"Xe 
			
							Mitsubishi Pajero Sport 
						D 4x2 MT 
						2016
						- 415 Triệu",415 Triệu,2016,Xe Mitsubishi Pajero Sport D 4x2 MT,415.0,Xe đã dùng,80000.0,Lắp ráp trong nước,SUV,Dầu  2.5 L,Dầu,2.5,Trắng,Đen,7,5,12/04/2025,"Nguyễn Oanh, Gò Vấp TP HCM",TP HCM
5678947,"Xe 
			
							VinFast VF6 
						Plus 
						2025
						- 749 Triệu",749 Triệu,2025,Xe VinFast VF6 Plus,749.0,Xe mới,,Lắp ráp trong nước,SUV,Điện  0.6 L,Điện,0.6,Xanh,Nâu,5,5,12/04/2025,"Tầng 1 TTTM Vincom Ocean Park, Kiêu Kỵ, Gia Lâm Hà Nội",Hà Nội
5655807,"Xe 
			
							VinFast VF7 
						Plus 
						2025
						- 949 Triệu",949 Triệu,2025,Xe VinFast VF7 Plus,949.0,Xe mới,,Lắp ráp trong nước,SUV,Điện  0.3 L,Điện,0.3,Xám,Đen,5,5,12/04/2025,"15-17 Cộng Hòa, Phường 4, Tân Bình TP HCM",TP HCM
5478731,"Xe 
			
							Toyota Yaris Cross 
						1.5 D-CVT 
						2025
						- 620 Triệu",620 Triệu,2025,,620.0,Xe mới,,Nhập khẩu,SUV,Xăng  1.5 L,Xăng,1.5,Trắng,Đen,5,5,12/04/2025,"315 Trường Chinh, Phường Khương Mai, Quận Thanh Xuân Hà Nội",Hà Nội
5186953,"Xe 
			
							Toyota Yaris Cross 
						1.5 D-CVT 
						2025
						- 625 Triệu",625 Triệu,2025,,625.0,Xe mới,,Nhập khẩu,SUV,Xăng  1.5 L,Xăng,1.5,Trắng,Đen,5,5,12/04/2025,"315 Trường Chinh - Thanh Xuân Hà Nội 
								 Xem gian hàng  ⇨",Hà Nội
6162948,"Xe 
			
							Mitsubishi Triton 
						GLX 2WD AT 
						2025
						- 600 Triệu",600 Triệu,2025,Xe Mitsubishi Triton GLX 2WD AT,600.0,Xe mới,,Nhập khẩu,Bán tải / Pickup,Dầu  2.4 L,Dầu,2.4,Xám,Đen,5,4,12/04/2025,"Hà Nội Hà Nội 
								 Xem gian hàng  ⇨",Hà Nội
6184533,"Xe 
			
							VinFast Lux A 2.0 
						2.0 AT 
						2021
						- 580 Triệu",580 Triệu,2021,Xe VinFast Lux A 2.0 2.0 AT,580.0,Xe đã dùng,13000.0,Lắp ráp trong nước,Sedan,Xăng  2.0 L,Xăng,2.0,Trắng,Trắng,5,4,12/04/2025,"Số 1 Châu Văn Liêm, Quận Nam Từ Liêm Hà Nội",Hà Nội
6169334,"Xe 
			
							Kia Sorento 
						GATH 
						2017
						- 470 Triệu",470 Triệu,2017,Xe Kia Sorento GATH,470.0,Xe đã dùng,79000.0,Lắp ráp trong nước,SUV,Xăng  2.4 L,Xăng,2.4,Nâu,Kem,7,5,12/04/2025,"TP. Thủ Đức TP HCM 
								 Xem gian hàng  ⇨",TP HCM
5894775,"Xe 
			
							Toyota RAV4 
						2.4 AT 
						2008
						- 348 Triệu",348 Triệu,2008,Xe Toyota RAV4 2.4 AT,348.0,Xe đã dùng,110000.0,Nhập khẩu,SUV,Xăng  2.4 L,Xăng,2.4,Ghi,Kem,7,5,12/04/2025,444 Nguyễn Văn Cừ - Long Biên Hà Nội,Hà Nội
6184536,"Xe 
			
							Mitsubishi Outlander 
						Premium 2.0 CVT 
						2022
						- 779 Triệu",779 Triệu,2022,Xe Mitsubishi Outlander Premium 2.0 CVT,779.0,Xe đã dùng,12000.0,Lắp ráp trong nước,SUV,Xăng  2.0 L,Xăng,2.0,Đen,Đen,7,5,12/04/2025,Hà Nội Hà Nội,Hà Nội
6147357,"Xe 
			
							Lexus RX 
						350 Premium 
						2022
						- 3 Tỷ 365 Triệu",3 Tỷ 365 Triệu,2022,Xe Lexus RX 350 Premium,3000.0,Xe đã dùng,30000.0,Nhập khẩu,SUV,Xăng  2.4 L,Xăng,2.4,Đỏ,Nâu,5,5,12/04/2025,"Hà Nội Hà Nội 
								 Xem gian hàng  ⇨",Hà Nội
6085280,"Xe 
			
							BMW X5 
						xDrive40i M Sport 
						2022
						- 3 Tỷ 150 Triệu",3 Tỷ 150 Triệu,2022,Xe BMW X5 xDrive40i M Sport,3000.0,Xe đã dùng,13000.0,Lắp ráp trong nước,SUV,Xăng  3.0 L,Xăng,3.0,Đen,Nâu,5,5,12/04/2025,"Hà Nội Hà Nội 
								 Xem gian hàng  ⇨",Hà Nội
6134929,"Xe 
			
							Toyota Vios 
						1.5G 
						2017
						- 375 Triệu",375 Triệu,2017,Xe Toyota Vios 1.5G,375.0,Xe đã dùng,84000.0,Lắp ráp trong nước,Sedan,Xăng  1.5 L,Xăng,1.5,Đen,Kem,5,4,12/04/2025,"Số 68 Vũ Đức Thận, Việt Hưng, Long Biên, Hà Nội Hà Nội",Hà Nội
6124233,"Xe 
			
							Kia Soluto 
						1.4 AT Deluxe 
						2020
						- 325 Triệu",325 Triệu,2020,Xe Kia Soluto 1.4 AT Deluxe,325.0,Xe đã dùng,70000.0,Lắp ráp trong nước,Sedan,Xăng  1.4 L,Xăng,1.4,Bạc,Đen,5,4,12/04/2025,lôc an Lâm Đồng,
6118426,"Xe 
			
							Toyota Innova 
						2.0G 
						2015
						- 395 Triệu",395 Triệu,2015,Xe Toyota Innova 2.0G,395.0,Xe đã dùng,160000.0,Lắp ráp trong nước,Crossover,Xăng  2.0 L,Xăng,2.0,Bạc,Kem,8,5,12/04/2025,"Số 7-9 đường Nguyễn Văn Linh, Phường Gia Thụy, Quận Long Biên Hà Nội",Hà Nội
6163008,"Xe 
			
							Mitsubishi Xpander 
						1.5 AT 
						2020
						- 480 Triệu",480 Triệu,2020,Xe Mitsubishi Xpander 1.5 AT,480.0,Xe đã dùng,80000.0,Nhập khẩu,SUV,Xăng  1.5 L,Xăng,1.5,Bạc,Đen,7,5,12/04/2025,318 Nguyễn Xiển Hà Nội,Hà Nội
6141704,"Xe 
			
							Mitsubishi Xpander 
						1.5 AT 
						2021
						- 495 Triệu",495 Triệu,2021,Xe Mitsubishi Xpander 1.5 AT,495.0,Xe đã dùng,65000.0,Nhập khẩu,SUV,Xăng  1.5 L,Xăng,1.5,Nâu,Đen,7,5,12/04/2025,318 Nguyễn Xiển Hà Nội,Hà Nội
6137820,"Xe 
			
							Mazda CX5 
						2.5 AT 2WD 
						2018
						- 550 Triệu",550 Triệu,2018,Xe Mazda CX5 2.5 AT 2WD,550.0,Xe đã dùng,90000.0,Lắp ráp trong nước,SUV,Xăng  2.5 L,Xăng,2.5,Trắng,Đen,5,5,12/04/2025,318 Nguyễn Xiển Hà Nội,Hà Nội
6076822,"Xe 
			
							Nissan Terra 
						S 2.5 MT 2WD 
						2018
						- 539 Triệu",539 Triệu,2018,Xe Nissan Terra S 2.5 MT 2WD,539.0,Xe đã dùng,83000.0,Nhập khẩu,SUV,Dầu  2.5 L,Dầu,2.5,Xanh,Đen,7,5,12/04/2025,"642B Quốc lộ 13, phường Hiệp Bình Phước TP HCM 
								 Xem gian hàng  ⇨",TP HCM
6181588,"Xe 
			
							VinFast VF e34 
						AT 
						2022
						- 510 Triệu",510 Triệu,2022,Xe VinFast VF e34 AT,510.0,Xe đã dùng,47000.0,Lắp ráp trong nước,Crossover,Điện  0.1 L,Điện,0.1,Trắng,Kem,5,5,12/04/2025,"266 Nguyễn Xiển, Hạ Đình, Thanh Xuân, Hà Nội Hà Nội 
								 Xem gian hàng  ⇨",Hà Nội
6184530,"Xe 
			
							Mitsubishi Pajero Sport 
						2.4D 4x2 AT 
						2020
						- 815 Triệu",815 Triệu,2020,Xe Mitsubishi Pajero Sport 2.4D 4x2 AT,815.0,Xe đã dùng,70000.0,Nhập khẩu,SUV,Dầu  2.4 L,Dầu,2.4,Trắng,Đen,7,5,12/04/2025,"256 Nguyễn Xiển, Thanh Xuân Hà Nội",Hà Nội
4896332,"Xe 
			
							Ford Everest 
						Titanium 2.0L 4x2 AT 
						2025
						- 1 Tỷ 206 Triệu",1 Tỷ 206 Triệu,2025,Xe Ford Everest Titanium 2.0L 4x2 AT,1000.0,Xe mới,,Nhập khẩu,SUV,Dầu  2.0 L,Dầu,2.0,Đen,-,7,5,12/04/2025,"Hà Nội Hà Nội 
								 Xem gian hàng  ⇨",Hà Nội
5930605,"Xe 
			
							Mercedes Benz GLA class 
						GLA 200 
						2014
						- 499 Triệu",499 Triệu,2014,Xe Mercedes Benz GLA class GLA 200,499.0,Xe đã dùng,120000.0,Nhập khẩu,SUV,Xăng  1.6 L,Xăng,1.6,Đen,Đen,5,5,12/04/2025,68 Lê Văn Lương Hà Nội,Hà Nội
6158760,"Xe 
			
							VinFast VF9 
						Plus 
						2023
						- 1 Tỷ 245 Triệu",1 Tỷ 245 Triệu,2023,Xe VinFast VF9 Plus,1000.0,Xe đã dùng,40000.0,Lắp ráp trong nước,SUV,Điện  0.2 L,Điện,0.2,Đen,Xanh,6,5,12/04/2025,"266 Nguyễn Xiển, Hạ Đình, Thanh Xuân, Hà Nội Hà Nội 
								 Xem gian hàng  ⇨",Hà Nội
6154354,"Xe 
			
							Toyota Corolla altis 
						2.0V AT 
						2019
						- 610 Triệu",610 Triệu,2019,Xe Toyota Corolla altis 2.0V AT,610.0,Xe đã dùng,99000.0,Lắp ráp trong nước,Sedan,Xăng  2.0 L,Xăng,2.0,Trắng,Đen,5,4,12/04/2025,"1797 Quốc Lộ 51 ,Ấp Xóm Gốc , Xã Long An , Huyện Long Thành Đồng Nai",
6145667,"Xe 
			
							VinFast Fadil 
						Tiêu chuẩn 1.4 AT 
						2022
						- 340 Triệu",340 Triệu,2022,Xe VinFast Fadil Tiêu chuẩn 1.4 AT,340.0,Xe đã dùng,30000.0,Lắp ráp trong nước,Hatchback,Xăng  1.4 L,Xăng,1.4,Xanh,Đen,5,5,12/04/2025,"266 Nguyễn Xiển, Hạ Đình, Thanh Xuân, Hà Nội Hà Nội 
								 Xem gian hàng  ⇨",Hà Nội
6039720,"Xe 
			
							VinFast Lux SA 2.0 
						Premium 2.0 AT 
						2019
						- 699 Triệu",699 Triệu,2019,Xe VinFast Lux SA 2.0 Premium 2.0 AT,699.0,Xe đã dùng,60000.0,Lắp ráp trong nước,SUV,Xăng  2.0 L,Xăng,2.0,Đỏ,Nâu,7,5,12/04/2025,"266 Nguyễn Xiển, Hạ Đình, Thanh Xuân, Hà Nội Hà Nội 
								 Xem gian hàng  ⇨",Hà Nội
6152163,"Xe 
			
							VinFast Lux A 2.0 
						Premium 2.0 AT 
						2019
						- 599 Triệu",599 Triệu,2019,Xe VinFast Lux A 2.0 Premium 2.0 AT,599.0,Xe đã dùng,80000.0,Lắp ráp trong nước,Sedan,Xăng  2.0 L,Xăng,2.0,Trắng,Nâu,5,4,12/04/2025,"266 Nguyễn Xiển, Hạ Đình, Thanh Xuân, Hà Nội Hà Nội 
								 Xem gian hàng  ⇨",Hà Nội
6168774,"Xe 
			
							Toyota Hilux 
						2.8G 4x4 AT 
						2020
						- 735 Triệu",735 Triệu,2020,Xe Toyota Hilux 2.8G 4x4 AT,735.0,Xe đã dùng,48000.0,Nhập khẩu,Bán tải / Pickup,Dầu  2.8 L,Dầu,2.8,Trắng,Đen,5,4,12/04/2025,"TP. Thủ Đức TP HCM 
								 Xem gian hàng  ⇨",TP HCM
6144589,"Xe 
			
							Kia Sedona 
						2.2 DAT Luxury 
						2019
						- 798 Triệu",798 Triệu,2019,Xe Kia Sedona 2.2 DAT Luxury,798.0,Xe đã dùng,90000.0,Lắp ráp trong nước,Van/Minivan,Dầu  2.2 L,Dầu,2.2,Trắng,Kem,7,5,12/04/2025,Tân Phú TP HCM,TP HCM
6177573,"Xe 
			
							BMW X5 
						xDrive40i 
						2019
						- 2 Tỷ 600 Triệu",2 Tỷ 600 Triệu,2019,Xe BMW X5 xDrive40i,2000.0,Xe đã dùng,75000.0,Nhập khẩu,SUV,Xăng  3.0 L,Xăng,3.0,Xám,Kem,7,5,12/04/2025,Quận 2 TP HCM,TP HCM
6156381,"Xe 
			
							Ford Ranger 
						XLS 2.0L 4x2 AT 
						2025
						- 667 Triệu",667 Triệu,2025,Xe Ford Ranger XLS 2.0L 4x2 AT,667.0,Xe mới,,Lắp ráp trong nước,Bán tải / Pickup,Dầu  2.0 L,Dầu,2.0,Đen,Đen,5,4,12/04/2025,Đống Đa Hà Nội,Hà Nội
6089182,"Xe 
			
							Suzuki Celerio 
						1.0 MT 
						2019
						- 188 Triệu",188 Triệu,2019,Xe Suzuki Celerio 1.0 MT,188.0,Xe đã dùng,68000.0,Nhập khẩu,Hatchback,Xăng  1.0 L,Xăng,1.0,Bạc,Đen,5,5,12/04/2025,"Xã tân thông hội , huyện củ chi TP HCM",TP HCM
6087309,"Xe 
			
							Mercedes Benz C class 
						C200 
						2015
						- 596 Triệu",596 Triệu,2015,Xe Mercedes Benz C class C200,596.0,Xe đã dùng,122000.0,Lắp ráp trong nước,Sedan,Xăng  2.0 L,Xăng,2.0,Trắng,Đen,5,4,12/04/2025,68 Lê Văn Lương Hà Nội,Hà Nội
6084991,"Xe 
			
							Toyota Innova 
						G 2.0 AT 
						2022
						- 695 Triệu",695 Triệu,2022,Xe Toyota Innova G 2.0 AT,695.0,Xe đã dùng,90000.0,Lắp ráp trong nước,Crossover,Xăng  2.0 L,Xăng,2.0,Đồng,Nâu,8,5,12/04/2025,"Ngã ba Pháp Vân, Phường Hoàng Liệt, Quận Hoàng Mai Hà Nội",Hà Nội
6040967,"Xe 
			
							Porsche Cayenne 
						S 
						2015
						- 1 Tỷ 599 Triệu",1 Tỷ 599 Triệu,2015,Xe Porsche Cayenne S,1000.0,Xe đã dùng,63000.0,Nhập khẩu,SUV,Xăng  3.6 L,Xăng,3.6,Đen,Đen,5,5,12/04/2025,"C5/15B, Bình Hưng, Bình Chánh TP HCM",TP HCM
6163386,"Xe 
			
							Toyota Prado 
						VX 2.7L 
						2022
						- 2 Tỷ 880 Triệu",2 Tỷ 880 Triệu,2022,Xe Toyota Prado VX 2.7L,2000.0,Xe đã dùng,50000.0,Nhập khẩu,SUV,Xăng  2.7 L,Xăng,2.7,Đen,Kem,7,5,12/04/2025,"Ngã ba Pháp Vân, Phường Hoàng Liệt, Quận Hoàng Mai Hà Nội",Hà Nội
6184521,"Xe 
			
							Ford EcoSport 
						Titanium 1.5L AT 
						2018
						- 416 Triệu",416 Triệu,2018,Xe Ford EcoSport Titanium 1.5L AT,416.0,Xe đã dùng,79000.0,Lắp ráp trong nước,SUV,Xăng  1.5 L,Xăng,1.5,Đỏ,Đen,5,5,12/04/2025,"56A An Dương Vương, Phường 16, Quận 8 TP HCM",TP HCM
6179550,"Xe 
			
							Ford Explorer 
						Limited 2.3L EcoBoost 
						2022
						- 1 Tỷ 820 Triệu",1 Tỷ 820 Triệu,2022,Xe Ford Explorer Limited 2.3L EcoBoost,1000.0,Xe đã dùng,8000.0,Nhập khẩu,SUV,Xăng  2.3 L,Xăng,2.3,Đen,Đen,7,5,12/04/2025,385 Hữu Hưng - Hà Đông - Hà Nội Hà Nội,Hà Nội
6184520,"Xe 
			
							Toyota Hilux 
						2.8L 4x4 AT 
						2021
						- 795 Triệu",795 Triệu,2021,Xe Toyota Hilux 2.8L 4x4 AT,795.0,Xe đã dùng,79000.0,Nhập khẩu,Bán tải / Pickup,Dầu  2.8 L,Dầu,2.8,Ghi,Đen,5,4,12/04/2025,"23 Vũ Đức Thận,  Long Biên Hà Nội",Hà Nội
6183318,"Xe 
			
							Ford Ranger 
						Raptor 2.0L 4x4 AT 
						2024
						- 1 Tỷ 215 Triệu",1 Tỷ 215 Triệu,2024,Xe Ford Ranger Raptor 2.0L 4x4 AT,1000.0,Xe đã dùng,5000.0,Nhập khẩu,Bán tải / Pickup,Dầu  2.0 L,Dầu,2.0,Xám,Đen,5,4,12/04/2025,"234-244 Lê Duẩn, TP Buôn Ma Thuột Đăk Lăk",
6161438,"Xe 
			
							Hyundai SantaFe 
						2.4L HTRAC 
						2019
						- 768 Triệu",768 Triệu,2019,Xe Hyundai SantaFe 2.4L HTRAC,768.0,Xe đã dùng,50000.0,Lắp ráp trong nước,SUV,Xăng  2.4 L,Xăng,2.4,Đỏ,Đen,7,5,12/04/2025,"25-31 Dương Đức Hiền, p. Tây Thạnh, q. Tân Phú TP HCM",TP HCM
6168697,"Xe 
			
							Ford EcoSport 
						Titanium 1.5L AT 
						2019
						- 415 Triệu",415 Triệu,2019,Xe Ford EcoSport Titanium 1.5L AT,415.0,Xe đã dùng,88000.0,Lắp ráp trong nước,SUV,Xăng  1.5 L,Xăng,1.5,Nâu,Đen,5,5,12/04/2025,"Tổ 10 Pháp Vân, Phường Hoàng Liệt Hà Nội 
								 Xem gian hàng  ⇨",Hà Nội
6079232,"Xe 
			
							Hyundai Genesis 
						2.0 AT 
						2009
						- 350 Triệu",350 Triệu,2009,Xe Hyundai Genesis 2.0 AT,350.0,Xe đã dùng,98000.0,Nhập khẩu,Coupe,Xăng  2.0 L,Xăng,2.0,Xanh,Đen,4,2,12/04/2025,"202/2 Đt 743, P. An Phú, Tp Thuận An Bình Dương",
5635879,"Xe 
			
							Lexus ES 
						250 F Sport 
						2025
						- 2 Tỷ 450 Triệu",2 Tỷ 450 Triệu,2025,Xe Lexus ES 250 F Sport,2000.0,Xe mới,,Nhập khẩu,Sedan,Xăng  2.5 L,Xăng,2.5,Trắng,Nhiều màu,5,4,12/04/2025,"Số 01 Dương Đình Nghệ, p Mỹ Đình 1, quận Nam Từ Liêm Hà Nội 
								 Xem gian hàng  ⇨",Hà Nội
6107179,"Xe 
			
							Lexus GX 
						460 
						2010
						- 1 Tỷ 260 Triệu",1 Tỷ 260 Triệu,2010,Xe Lexus GX 460,1000.0,Xe đã dùng,128000.0,Nhập khẩu,SUV,Xăng  4.6 L,Xăng,4.6,Đen,Kem,7,5,12/04/2025,"Số 2 Hạ Yên Quyết - Cầu Giấy Hà Nội 
								 Xem gian hàng  ⇨",Hà Nội
6181941,"Xe 
			
							VinFast VF3 
						Plus 
						2025
						- 295 Triệu",295 Triệu,2025,Xe VinFast VF3 Plus,295.0,Xe mới,,Lắp ráp trong nước,Hatchback,Điện,Điện,,Xám,Đen,4,3,12/04/2025,"Cầu Giấy, Hà Nội Hà Nội 
								 Xem gian hàng  ⇨",Hà Nội
6129281,"Xe 
			
							Toyota Venza 
						2.7 
						2009
						- 398 Triệu",398 Triệu,2009,Xe Toyota Venza 2.7,398.0,Xe đã dùng,0.0,Nhập khẩu,Crossover,Xăng  2.7 L,Xăng,2.7,Đen,Kem,5,5,12/04/2025,444 Nguyễn Văn Cừ - Long Biên Hà Nội,Hà Nội
6164182,"Xe 
			
							Kia Sedona 
						2.2 DAT Luxury 
						2020
						- 855 Triệu",855 Triệu,2020,Xe Kia Sedona 2.2 DAT Luxury,855.0,Xe đã dùng,68000.0,Lắp ráp trong nước,Van/Minivan,Dầu  2.2 L,Dầu,2.2,Nâu,Kem,7,5,12/04/2025,"613 Ql 13, P.hiệp Bình Phước, Thủ Đức TP HCM",TP HCM
6164182,"Xe 
			
							Kia Sedona 
						2.2 DAT Luxury 
						2020
						- 855 Triệu",855 Triệu,2020,Xe Kia Sedona 2.2 DAT Luxury,855.0,Xe đã dùng,68000.0,Lắp ráp trong nước,Van/Minivan,Dầu  2.2 L,Dầu,2.2,Nâu,Kem,7,5,12/04/2025,"613 Ql 13, P.hiệp Bình Phước, Thủ Đức TP HCM",TP HCM
6125871,"Xe 
			
							Mercedes Benz C class 
						C200 Avantgarde 
						2024
						- 1 Tỷ 499 Triệu",1 Tỷ 499 Triệu,2024,Xe Mercedes Benz C class C200 Avantgarde,1000.0,Xe đã dùng,968.0,Lắp ráp trong nước,Sedan,Xăng  1.5 L,Xăng,1.5,Trắng,Đen,5,4,12/04/2025,"136 Phạm Văn Đồng, P. Xuân Đỉnh, Q. Bắc Từ Liêm Hà Nội",Hà Nội
6104547,"Xe 
			
							VinFast VF5 
						Plus 
						2025
						- 524 Triệu",524 Triệu,2025,Xe VinFast VF5 Plus,524.0,Xe mới,,Lắp ráp trong nước,SUV,Điện,Điện,,Trắng,Nhiều màu,5,5,12/04/2025,"Btt-02-38,39,40,41,43 Khu Ngân Hà Vạn Phúc, Vạn Phúc Hà Nội",Hà Nội
6004403,"Xe 
			
							Peugeot 5008 
						GT 1.6 AT 
						2022
						- 969 Triệu",969 Triệu,2022,Xe Peugeot 5008 GT 1.6 AT,969.0,Xe đã dùng,20000.0,Lắp ráp trong nước,SUV,Xăng  1.6 L,Xăng,1.6,Đỏ,Nâu,7,5,12/04/2025,"24ql1, Kđt Tthc Tỉnh, Phường 6, Tp Tân An Long An",
6155812,"Xe 
			
							Lexus RX 
						350 
						2022
						- 3 Tỷ 750 Triệu",3 Tỷ 750 Triệu,2022,Xe Lexus RX 350,3000.0,Xe đã dùng,39000.0,Nhập khẩu,SUV,Xăng  3.5 L,Xăng,3.5,Đỏ,Nâu,5,5,12/04/2025,"Tổ dân phố 8, P Mỹ Đình 1, Q Nam Từ Liêm (Ngã 4 Phạm Hùng vs Dương Đình Nghệ) Hà Nội",Hà Nội
6145037,"Xe 
			
							Toyota Camry 
						2.5HV 
						2021
						- 1 Tỷ 130 Triệu",1 Tỷ 130 Triệu,2021,Xe Toyota Camry 2.5HV,1000.0,Xe đã dùng,79000.0,Nhập khẩu,Sedan,Hybrid  2.5 L,Hybrid,2.5,Đen,Kem,5,4,12/04/2025,"Tổ 10 Pháp Vân, Phường Hoàng Liệt Hà Nội 
								 Xem gian hàng  ⇨",Hà Nội
6112984,"Xe 
			
							VinFast Lux SA 2.0 
						2.0 AT 
						2021
						- 715 Triệu",715 Triệu,2021,Xe VinFast Lux SA 2.0 2.0 AT,715.0,Xe đã dùng,50000.0,Lắp ráp trong nước,SUV,Xăng  2.0 L,Xăng,2.0,Trắng,Nâu,7,5,12/04/2025,"68 Xuân Phương, Bắc Từ Liêm Hà Nội",Hà Nội
6107667,"Xe 
			
							Kia K3 
						Premium 1.6 AT 
						2022
						- 555 Triệu",555 Triệu,2022,Xe Kia K3 Premium 1.6 AT,555.0,Xe đã dùng,45000.0,Lắp ráp trong nước,Sedan,Xăng  1.6 L,Xăng,1.6,Xanh,Nhiều màu,5,4,12/04/2025,Hà Nội Hà Nội,Hà Nội
5956732,"Xe 
			
							VinFast VF5 
						Plus 
						2024
						- 450 Triệu",450 Triệu,2024,Xe VinFast VF5 Plus,450.0,Xe mới,,Lắp ráp trong nước,SUV,Điện,Điện,,Trắng,Đen,5,5,12/04/2025,"Vinhome Ocean Park Hà Nội 
								 Xem gian hàng  ⇨",Hà Nội
5485748,"Xe 
			
							Lexus RX 
						350h Premium 
						2025
						- 3 Tỷ 500 Triệu",3 Tỷ 500 Triệu,2025,Xe Lexus RX 350h Premium,3000.0,Xe mới,,Nhập khẩu,SUV,Hybrid  2.5 L,Hybrid,2.5,Xanh,Nâu,5,5,12/04/2025,"Ngã tư Phạm Hùng & Dương Đình Nghệ, Nam Từ Liêm Hà Nội 
								 Xem gian hàng  ⇨",Hà Nội
6170948,"Xe 
			
							Ford Everest 
						Titanium 3.2L 4x4 AT 
						2016
						- 789 Triệu",789 Triệu,2016,Xe Ford Everest Titanium 3.2L 4x4 AT,789.0,Xe đã dùng,85000.0,Nhập khẩu,SUV,Dầu  3.2 L,Dầu,3.2,Bạc,Ghi,7,5,12/04/2025,"Số 166 Khuất Duy Tiến, Thanh Xuân Hà Nội 
								 Xem gian hàng  ⇨",Hà Nội
6075909,"Xe 
			
							Kia K5 
						GT-Line 2.5 AT 
						2022
						- 779 Triệu",779 Triệu,2022,,779.0,Xe đã dùng,56000.0,Lắp ráp trong nước,Sedan,Xăng  2.5 L,Xăng,2.5,Đỏ,Đỏ,5,4,12/04/2025,"642B Quốc lộ 13, phường Hiệp Bình Phước TP HCM 
								 Xem gian hàng  ⇨",TP HCM
5970160,"Xe 
			
							Mercedes Benz C class 
						C200 
						2018
						- 795 Triệu",795 Triệu,2018,Xe Mercedes Benz C class C200,795.0,Xe đã dùng,102000.0,Lắp ráp trong nước,Sedan,Xăng  2.0 L,Xăng,2.0,Xanh,Đen,5,4,12/04/2025,68 Lê Văn Lương Hà Nội,Hà Nội
5937787,"Xe 
			
							Hyundai SantaFe 
						Cao cấp 2.2L HTRAC 
						2022
						- 1 Tỷ 170 Triệu",1 Tỷ 170 Triệu,2022,Xe Hyundai SantaFe Cao cấp 2.2L HTRAC,1000.0,Xe đã dùng,40000.0,Lắp ráp trong nước,SUV,Dầu  2.2 L,Dầu,2.2,Trắng,Nâu,7,5,12/04/2025,"VILLA 07 Lô C1 Khu đô thị Yên Hòa, Phường Yên Hòa, Quận Cầu Giấy ( Cạnh Công Viên Yên Hoà ) Hà Nội",Hà Nội
5797479,"Xe 
			
							Toyota Corolla Cross 
						1.8V 
						2025
						- 785 Triệu",785 Triệu,2025,Xe Toyota Corolla Cross 1.8V,785.0,Xe mới,,Nhập khẩu,SUV,Xăng  1.8 L,Xăng,1.8,Trắng,Đỏ,5,5,12/04/2025,"315 Trường Chinh, Phường Khương Mai, Quận Thanh Xuân Hà Nội",Hà Nội
6141486,"Xe 
			
							Mercedes Benz C class 
						C200 
						2018
						- 759 Triệu",759 Triệu,2018,Xe Mercedes Benz C class C200,759.0,Xe đã dùng,80000.0,Lắp ráp trong nước,Sedan,Xăng  2.0 L,Xăng,2.0,Trắng,Kem,5,4,12/04/2025,Số 9 Nguyễn Văn Cừ - Long Biên Hà Nội,Hà Nội
6143889,"Xe 
			
							Volkswagen Touareg 
						Luxury 2.0 TSI 
						2023
						- 3 Tỷ 99 Triệu",3 Tỷ 99 Triệu,2023,Xe Volkswagen Touareg Luxury 2.0 TSI,3000.0,Xe mới,,Nhập khẩu,SUV,Xăng  2.0 L,Xăng,2.0,Xanh,Đen,5,5,12/04/2025,"18 Phạm Hùng, Nam Từ Liêm Hà Nội 
								 Xem gian hàng  ⇨",Hà Nội
6132609,"Xe 
			
							Volkswagen Viloran 
						Luxury 
						2024
						- 2 Tỷ 158 Triệu",2 Tỷ 158 Triệu,2024,Xe Volkswagen Viloran Luxury,2000.0,Xe mới,,Nhập khẩu,Van/Minivan,Xăng  2.0 L,Xăng,2.0,Đỏ,Kem,7,5,12/04/2025,"18 Phạm Hùng, Nam Từ Liêm Hà Nội 
								 Xem gian hàng  ⇨",Hà Nội
6121270,"Xe 
			
							Mercedes Benz E class 
						E200 
						2016
						- 830 Triệu",830 Triệu,2016,Xe Mercedes Benz E class E200,830.0,Xe đã dùng,79000.0,Lắp ráp trong nước,Sedan,Xăng  2.0 L,Xăng,2.0,Trắng,Nâu,5,4,12/04/2025,"199 Nguyễn Xiển, Thanh Xuân Hà Nội",Hà Nội
6089277,"Xe 
			
							Honda HRV 
						L 
						2019
						- 569 Triệu",569 Triệu,2019,Xe Honda HRV L,569.0,Xe đã dùng,48000.0,Nhập khẩu,Crossover,Xăng  1.8 L,Xăng,1.8,Đỏ,Đen,5,5,12/04/2025,"585 - 700 Trần Tất Văn, Quận Kiến An Hải Phòng",Hải Phòng
6089277,"Xe 
			
							Honda HRV 
						L 
						2019
						- 569 Triệu",569 Triệu,2019,Xe Honda HRV L,569.0,Xe đã dùng,48000.0,Nhập khẩu,Crossover,Xăng  1.8 L,Xăng,1.8,Đỏ,Đen,5,5,12/04/2025,"585 - 700 Trần Tất Văn, Quận Kiến An Hải Phòng",Hải Phòng
5893283,"Xe 
			
							Toyota Land Cruiser 
						VX 4.6 V8 
						2015
						- 1 Tỷ 980 Triệu",1 Tỷ 980 Triệu,2015,Xe Toyota Land Cruiser VX 4.6 V8,1000.0,Xe đã dùng,200000.0,Nhập khẩu,SUV,Xăng  4.6 L,Xăng,4.6,Bạc,Đen,8,5,12/04/2025,"Số 368 Nguyễn Văn Huyên Kéo Dài, Cầu Giấy, Hà Nội Hà Nội 
								 Xem gian hàng  ⇨",Hà Nội
6169826,"Xe 
			
							Lexus ES 
						250 
						2025
						- 2 Tỷ 360 Triệu",2 Tỷ 360 Triệu,2025,Xe Lexus ES 250,2000.0,Xe mới,,Nhập khẩu,Sedan,Xăng  2.5 L,Xăng,2.5,Bạc,Nâu,5,4,12/04/2025,"Tổ dân phố 8, P Mỹ Đình 1, Q Nam Từ Liêm (Ngã 4 Phạm Hùng vs Dương Đình Nghệ) Hà Nội",Hà Nội
6093918,"Xe 
			
							Toyota Fortuner 
						Legender 2.8L 4x4 AT 
						2022
						- 1 Tỷ 155 Triệu",1 Tỷ 155 Triệu,2022,Xe Toyota Fortuner Legender 2.8L 4x4 AT,1000.0,Xe đã dùng,48000.0,Lắp ráp trong nước,SUV,Dầu  2.8 L,Dầu,2.8,Nâu,Đen,7,5,12/04/2025,"Số 11-12 Dãy B1 Khu Shop House Tố Hữu, Vạn Phúc, Hà Đông Hà Nội",Hà Nội
6178163,"Xe 
			
							Volvo S90 
						LWB Ultimate B6 AWD 
						2022
						- 1 Tỷ 898 Triệu",1 Tỷ 898 Triệu,2022,Xe Volvo S90 LWB Ultimate B6 AWD,1000.0,Xe đã dùng,17890.0,Nhập khẩu,Sedan,Xăng  2.0 L,Xăng,2.0,Trắng,Nâu,5,4,12/04/2025,"290 Nguyễn Văn Linh, Quận 7 TP HCM 
								 Xem gian hàng  ⇨",TP HCM
6178605,"Xe 
			
							Toyota Corolla Cross 
						1.8V 
						2022
						- 765 Triệu",765 Triệu,2022,Xe Toyota Corolla Cross 1.8V,765.0,Xe đã dùng,20000.0,Nhập khẩu,SUV,Xăng  1.8 L,Xăng,1.8,Trắng,Đen,5,5,12/04/2025,"259 Phạm Văn Đồng, Bắc Từ Liêm Hà Nội",Hà Nội
6163088,"Xe 
			
							Toyota Land Cruiser 
						3.5 V6 
						2025
						- 4 Tỷ 580 Triệu",4 Tỷ 580 Triệu,2025,Xe Toyota Land Cruiser 3.5 V6,4000.0,Xe mới,,Nhập khẩu,SUV,Xăng  3.4 L,Xăng,3.4,Đen,Đen,7,5,12/04/2025,"Ngã 3 Tố Hữu - Vũ Trọng Khánh, Trung Văn, Nam Từ Liêm Hà Nội",Hà Nội
6102170,"Xe 
			
							Lexus RX 
						350 Premium 
						2023
						- 3 Tỷ 50 Triệu",3 Tỷ 50 Triệu,2023,Xe Lexus RX 350 Premium,3000.0,Xe đã dùng,34000.0,Nhập khẩu,SUV,Xăng  2.4 L,Xăng,2.4,Đen,Nâu,5,5,12/04/2025,"70 Trương Công Giai, Phường Dịch Vọng Hậu, Quận Cầu Giấy Hà Nội",Hà Nội
6083348,"Xe 
			
							Kia K3 
						GT 1.6 AT Turbo 
						2025
						- 681 Triệu",681 Triệu,2025,Xe Kia K3 GT 1.6 AT Turbo,681.0,Xe mới,,Lắp ráp trong nước,Sedan,Xăng  1.6 L,Xăng,1.6,Trắng,Đen,5,4,12/04/2025,"207 Ngọc Hồi, Thanh Trì Hà Nội",Hà Nội
6170665,"Xe 
			
							Ford Territory 
						Titanium X 1.5 AT 
						2025
						- 814 Triệu",814 Triệu,2025,Xe Ford Territory Titanium X 1.5 AT,814.0,Xe mới,,Lắp ráp trong nước,SUV,Xăng  1.5 L,Xăng,1.5,Nâu,Đen,5,5,12/04/2025,"Đống Đa Hà Nội 
								 Xem gian hàng  ⇨",Hà Nội
6177784,"Xe 
			
							Ford Territory 
						Trend 1.5 AT 
						2025
						- 659 Triệu",659 Triệu,2025,Xe Ford Territory Trend 1.5 AT,659.0,Xe mới,,Lắp ráp trong nước,SUV,Xăng  1.5 L,Xăng,1.5,Đỏ,Kem,5,5,12/04/2025,"Hoàng Mai Hà Nội 
								 Xem gian hàng  ⇨",Hà Nội
6105342,"Xe 
			
							Honda City 
						RS 1.5 AT 
						2024
						- 569 Triệu",569 Triệu,2024,Xe Honda City RS 1.5 AT,569.0,Xe đã dùng,17000.0,Lắp ráp trong nước,Sedan,Xăng  1.5 L,Xăng,1.5,Trắng,Đen,5,4,12/04/2025,Số 99 Hồng Đô - Phú Đô -  Nam Từ Liêm Hà Nội,Hà Nội
6179810,"Xe 
			
							Toyota Camry 
						SE 2.5 AT 
						2015
						- 760 Triệu",760 Triệu,2015,Xe Toyota Camry SE 2.5 AT,760.0,Xe đã dùng,86000.0,Nhập khẩu,Sedan,Xăng  2.5 L,Xăng,2.5,Trắng,Đen,5,4,12/04/2025,385 Hữu Hưng - Hà Đông - Hà Nội Hà Nội,Hà Nội
6146788,"Xe 
			
							Mercedes Benz C class 
						C200 
						2015
						- 599 Triệu",599 Triệu,2015,Xe Mercedes Benz C class C200,599.0,Xe đã dùng,60000.0,Lắp ráp trong nước,Sedan,Xăng  2.0 L,Xăng,2.0,Trắng,Đen,5,4,12/04/2025,"792 Nguyễn Thị Định, P Thạnh Mỹ Lợi, TP Thủ Đức TP HCM 
								 Xem gian hàng  ⇨",TP HCM
6143221,"Xe 
			
							MG 5 
						1.5 MT 
						2023
						- 310 Triệu",310 Triệu,2023,Xe MG 5 1.5 MT,310.0,Xe đã dùng,23000.0,Nhập khẩu,Sedan,Xăng  1.5 L,Xăng,1.5,Trắng,Đen,5,4,12/04/2025,46 Láng Hạ - Đống Đa Hà Nội,Hà Nội
6081253,"Xe 
			
							Ford Everest 
						Sport 2.0L 4x2 AT 
						2025
						- 1 Tỷ 120 Triệu",1 Tỷ 120 Triệu,2025,Xe Ford Everest Sport 2.0L 4x2 AT,1000.0,Xe mới,,Nhập khẩu,SUV,Dầu  2.0 L,Dầu,2.0,Trắng,Đen,7,5,12/04/2025,"Hà Nội Hà Nội 
								 Xem gian hàng  ⇨",Hà Nội
6030153,"Xe 
			
							Toyota Fortuner 
						2.7V 4x2 AT 
						2019
						- 779 Triệu",779 Triệu,2019,Xe Toyota Fortuner 2.7V 4x2 AT,779.0,Xe đã dùng,76000.0,Nhập khẩu,SUV,Xăng  2.7 L,Xăng,2.7,Bạc,Nâu,7,5,12/04/2025,"Số 5 Nguyễn Khánh Toàn, Cầu Giấy Hà Nội",Hà Nội
6131705,"Xe 
			
							Hyundai SantaFe 
						Cao cấp 2.2L HTRAC 
						2022
						- 1 Tỷ 160 Triệu",1 Tỷ 160 Triệu,2022,Xe Hyundai SantaFe Cao cấp 2.2L HTRAC,1000.0,Xe đã dùng,0.0,Lắp ráp trong nước,SUV,Dầu  2.2 L,Dầu,2.2,Đen,Nâu,7,5,12/04/2025,36 Xuân Tảo - Xuân La - Tây Hồ Hà Nội,Hà Nội
6105621,"Xe 
			
							Mitsubishi Outlander 
						2.0 CVT 
						2021
						- 665 Triệu",665 Triệu,2021,Xe Mitsubishi Outlander 2.0 CVT,665.0,Xe đã dùng,60000.0,Lắp ráp trong nước,SUV,Xăng  2.0 L,Xăng,2.0,Đen,Đen,7,5,12/04/2025,765 Nguyễn Xiển Hà Nội,Hà Nội
6030955,"Xe 
			
							Lexus RX 
						200t 
						2017
						- 1 Tỷ 899 Triệu",1 Tỷ 899 Triệu,2017,Xe Lexus RX 200t,1000.0,Xe đã dùng,90000.0,Nhập khẩu,SUV,Xăng  2.0 L,Xăng,2.0,Xanh,Nâu,5,5,12/04/2025,"31-33 Nguyễn văn Cừ, Long Biên Hà Nội",Hà Nội
6030955,"Xe 
			
							Lexus RX 
						200t 
						2017
						- 1 Tỷ 899 Triệu",1 Tỷ 899 Triệu,2017,Xe Lexus RX 200t,1000.0,Xe đã dùng,90000.0,Nhập khẩu,SUV,Xăng  2.0 L,Xăng,2.0,Xanh,Nâu,5,5,12/04/2025,"31-33 Nguyễn văn Cừ, Long Biên Hà Nội",Hà Nội
6178591,"Xe 
			
							VinFast VF7 
						Plus 
						2025
						- 999 Triệu",999 Triệu,2025,Xe VinFast VF7 Plus,999.0,Xe mới,,Lắp ráp trong nước,SUV,Điện  0.3 L,Điện,0.3,Trắng,Đen,5,5,12/04/2025,"1732 Ql1a, thị trấn Tân Túc, Bình Chánh TP HCM",TP HCM
6105711,"Xe 
			
							VinFast VF5 
						Plus 
						2025
						- 529 Triệu",529 Triệu,2025,Xe VinFast VF5 Plus,529.0,Xe mới,,Lắp ráp trong nước,SUV,Điện,Điện,,Đỏ,Đen,5,5,12/04/2025,"1732 Ql1a, thị trấn Tân Túc, Bình Chánh TP HCM",TP HCM
6020542,"Xe 
			
							LandRover Range Rover 
						Autobiography 5.0 
						2014
						- 2 Tỷ 480 Triệu",2 Tỷ 480 Triệu,2014,Xe LandRover Range Rover Autobiography 5.0,2000.0,Xe đã dùng,71000.0,Nhập khẩu,SUV,Xăng  5.0 L,Xăng,5.0,Trắng,Nâu,4,5,12/04/2025,"18 Hoàng Quán Chi, Yên Hoà, Cầu Giấy Hà Nội",Hà Nội
6179813,"Xe 
			
							Mazda CX8 
						Premium 
						2019
						- 770 Triệu",770 Triệu,2019,Xe Mazda CX8 Premium,770.0,Xe đã dùng,80000.0,Lắp ráp trong nước,SUV,Xăng  2.5 L,Xăng,2.5,Xám,Đen,7,5,12/04/2025,"Phạm Văn Đồng, Bắc Từ Liêm Hà Nội 
								 Xem gian hàng  ⇨",Hà Nội
6173165,"Xe 
			
							Hyundai Venue 
						1.0 T-GDi Đặc Biệt 
						2024
						- 535 Triệu",535 Triệu,2024,,535.0,Xe đã dùng,2300.0,Lắp ráp trong nước,SUV,Xăng  1.0 L,Xăng,1.0,Đen,Đen,5,5,12/04/2025,"234-244 Lê Duẩn, TP Buôn Ma Thuột Đăk Lăk",
6128123,"Xe 
			
							Ford Ranger 
						Wildtrak 3.2L 4x4 AT 
						2015
						- 420 Triệu",420 Triệu,2015,Xe Ford Ranger Wildtrak 3.2L 4x4 AT,420.0,Xe đã dùng,120000.0,Nhập khẩu,Bán tải / Pickup,Dầu  3.2 L,Dầu,3.2,Đỏ,Đen,5,4,12/04/2025,"Toà Nhà Giao Hàng Tiết Kiệm - 93 Phạm Hùng, Nam Từ Liêm Hà Nội",Hà Nội
5853394,"Xe 
			
							VinFast VF7 
						Plus 
						2024
						- 828 Triệu",828 Triệu,2024,Xe VinFast VF7 Plus,828.0,Xe mới,,Lắp ráp trong nước,SUV,Điện  0.3 L,Điện,0.3,Đỏ,Đen,5,5,12/04/2025,"Số 8, đường Phạm Hùng, Phường Mai Dịch, Quận Cầu Giấy Hà Nội",Hà Nội
5204415,"Xe 
			
							MG 5 
						Luxury 1.5 AT 
						2024
						- 440 Triệu",440 Triệu,2024,Xe MG 5 Luxury 1.5 AT,440.0,Xe mới,,Nhập khẩu,Sedan,Xăng  1.5 L,Xăng,1.5,Xám,Đen,5,4,12/04/2025,"CT5 – Toàn nhà MHDI Lê Đức Thọ, Phường Mỹ Đình 2, quận Nam Từ Liêm Hà Nội 
								 Xem gian hàng  ⇨",Hà Nội
6179838,"Xe 
			
							Ford Ranger 
						XLS 2.0L 4x2 AT 
						2025
						- 610 Triệu",610 Triệu,2025,Xe Ford Ranger XLS 2.0L 4x2 AT,610.0,Xe mới,,Lắp ráp trong nước,Bán tải / Pickup,Dầu  2.0 L,Dầu,2.0,Đen,Đen,5,4,12/04/2025,"Đống Đa, Hà Nội Hà Nội 
								 Xem gian hàng  ⇨",Hà Nội
6166966,"Xe 
			
							Mercedes Benz GLC 
						200 
						2019
						- 999 Triệu",999 Triệu,2019,Xe Mercedes Benz GLC 200,999.0,Xe đã dùng,67000.0,Lắp ráp trong nước,SUV,Xăng  2.0 L,Xăng,2.0,Trắng,Nâu,5,5,12/04/2025,"Dương Đình Nghệ, Cầu Giấy Hà Nội 
								 Xem gian hàng  ⇨",Hà Nội
6161965,"Xe 
			
							BMW 3 Series 
						325i Convertible 
						2009
						- 610 Triệu",610 Triệu,2009,Xe BMW 3 Series 325i Convertible,610.0,Xe đã dùng,60000.0,Nhập khẩu,Convertible/Cabriolet,Xăng  2.5 L,Xăng,2.5,Trắng,Kem,4,2,12/04/2025,Hà Nội Hà Nội,Hà Nội
6124116,"Xe 
			
							Mercedes Benz GLS 
						450 4Matic 
						2020
						- 3 Tỷ 500 Triệu",3 Tỷ 500 Triệu,2020,Xe Mercedes Benz GLS 450 4Matic,3000.0,Xe đã dùng,60000.0,Nhập khẩu,SUV,Xăng  3.0 L,Xăng,3.0,Đen,Kem,7,5,12/04/2025,21 Phú Hựu - Long Biên Hà Nội,Hà Nội
5825950,"Xe 
			
							Toyota Land Cruiser 
						GX 4.5 
						2005
						- 460 Triệu",460 Triệu,2005,Xe Toyota Land Cruiser GX 4.5,460.0,Xe đã dùng,150000.0,Lắp ráp trong nước,SUV,Xăng  4.5 L,Xăng,4.5,Đen,Kem,8,5,12/04/2025,"TP. Thủ Đức TP HCM 
								 Xem gian hàng  ⇨",TP HCM
6160597,"Xe 
			
							Mazda CX5 
						2.0 Luxury 
						2020
						- 673 Triệu",673 Triệu,2020,Xe Mazda CX5 2.0 Luxury,673.0,Xe đã dùng,89000673.0,Lắp ráp trong nước,SUV,Xăng  2.0 L,Xăng,2.0,Đen,Đen,5,5,12/04/2025,Hà Nội Hà Nội,Hà Nội
6150077,"Xe 
			
							Toyota Rush 
						1.5S AT 
						2020
						- 508 Triệu",508 Triệu,2020,Xe Toyota Rush 1.5S AT,508.0,Xe đã dùng,75000.0,Nhập khẩu,SUV,Xăng  1.5 L,Xăng,1.5,Đen,Nhiều màu,7,5,12/04/2025,"1797 Quốc Lộ 51 ,Ấp Xóm Gốc , Xã Long An , Huyện Long Thành Đồng Nai",
6163776,"Xe 
			
							Mercedes Benz C class 
						C250 Exclusive 
						2015
						- 594 Triệu",594 Triệu,2015,Xe Mercedes Benz C class C250 Exclusive,594.0,Xe đã dùng,89000.0,Lắp ráp trong nước,Sedan,Xăng  2.0 L,Xăng,2.0,Đen,Đen,5,4,12/04/2025,Hà Nội Hà Nội,Hà Nội
6161512,"Xe 
			
							VinFast Lux SA 2.0 
						2.0 AT 
						2019
						- 635 Triệu",635 Triệu,2019,Xe VinFast Lux SA 2.0 2.0 AT,635.0,Xe đã dùng,60000.0,Lắp ráp trong nước,SUV,Xăng  2.0 L,Xăng,2.0,Trắng,Nâu,7,5,12/04/2025,Hà Nội Hà Nội,Hà Nội
6161504,"Xe 
			
							Mazda 6 
						Premium 2.0 AT 
						2019
						- 538 Triệu",538 Triệu,2019,Xe Mazda 6 Premium 2.0 AT,538.0,Xe đã dùng,120000.0,Lắp ráp trong nước,Sedan,Xăng  2.0 L,Xăng,2.0,Đỏ,Đen,5,4,12/04/2025,Hà Nội Hà Nội,Hà Nội
6163783,"Xe 
			
							Hyundai Creta 
						Cao cấp 1.5 AT 
						2022
						- 647 Triệu",647 Triệu,2022,Xe Hyundai Creta Cao cấp 1.5 AT,647.0,Xe đã dùng,20000.0,Nhập khẩu,Crossover,Xăng  1.5 L,Xăng,1.5,Trắng,Đen,5,5,12/04/2025,Hà Nội Hà Nội,Hà Nội
6161481,"Xe 
			
							Kia Carnival 
						Signature 2.2D 
						2022
						- 1 Tỷ 250 Triệu",1 Tỷ 250 Triệu,2022,Xe Kia Carnival Signature 2.2D,1000.0,Xe đã dùng,41000.0,Lắp ráp trong nước,Van/Minivan,Dầu  2.2 L,Dầu,2.2,Đen,Nhiều màu,7,5,12/04/2025,Hà Nội Hà Nội,Hà Nội
6168385,"Xe 
			
							Toyota Prado 
						VX 2.7L 
						2015
						- 1 Tỷ 299 Triệu",1 Tỷ 299 Triệu,2015,Xe Toyota Prado VX 2.7L,1000.0,Xe đã dùng,120000.0,Nhập khẩu,SUV,Xăng  2.7 L,Xăng,2.7,Xanh,Đen,7,5,12/04/2025,"Hà Nội Hà Nội 
								 Xem gian hàng  ⇨",Hà Nội
6183563,"Xe 
			
							Toyota Veloz 
						Cross Top 1.5 CVT 
						2023
						- 610 Triệu",610 Triệu,2023,Xe Toyota Veloz Cross Top 1.5 CVT,610.0,Xe đã dùng,13000.0,Lắp ráp trong nước,SUV,Xăng  1.5 L,Xăng,1.5,Đỏ,Đen,7,5,12/04/2025,"Tổ 10 Pháp Vân, Phường Hoàng Liệt Hà Nội 
								 Xem gian hàng  ⇨",Hà Nội
6161519,"Xe 
			
							Mitsubishi Xpander 
						Cross 1.5 AT 
						2020
						- 505 Triệu",505 Triệu,2020,Xe Mitsubishi Xpander Cross 1.5 AT,505.0,Xe đã dùng,51000.0,Nhập khẩu,SUV,Xăng  1.5 L,Xăng,1.5,Cam,Nhiều màu,7,5,12/04/2025,Hà Nội Hà Nội,Hà Nội
6159682,"Xe 
			
							Ford Ranger 
						Wildtrak 2.0L 4x4 AT 
						2025
						- 839 Triệu",839 Triệu,2025,Xe Ford Ranger Wildtrak 2.0L 4x4 AT,839.0,Xe mới,,Lắp ráp trong nước,Bán tải / Pickup,Dầu  2.0 L,Dầu,2.0,Đen,Đen,5,4,12/04/2025,"Đống Đa Hà Nội 
								 Xem gian hàng  ⇨",Hà Nội
6118174,"Xe 
			
							Peugeot 408 
						Premium 1.6 AT 
						2023
						- 999 Triệu",999 Triệu,2023,Xe Peugeot 408 Premium 1.6 AT,999.0,Xe đã dùng,8900.0,Lắp ráp trong nước,Crossover,Xăng  1.6 L,Xăng,1.6,Xám,Đen,5,5,12/04/2025,"Yên Hoà Hà Nội 
								 Xem gian hàng  ⇨",Hà Nội
5900681,"Xe 
			
							Lexus ES 
						300h 
						2024
						- 3 Tỷ 140 Triệu",3 Tỷ 140 Triệu,2024,Xe Lexus ES 300h,3000.0,Xe mới,,Nhập khẩu,Sedan,Hybrid  2.5 L,Hybrid,2.5,Ghi,Nâu,5,4,12/04/2025,"Số 01 Dương Đình Nghệ, p Mỹ Đình 1, quận Nam Từ Liêm Hà Nội 
								 Xem gian hàng  ⇨",Hà Nội
5886682,"Xe 
			
							Mercedes Benz GLE Class 
						GLE 400 4Matic Coupe 
						2016
						- 1 Tỷ 430 Triệu",1 Tỷ 430 Triệu,2016,Xe Mercedes Benz GLE Class GLE 400 4Matic Coupe,1000.0,Xe đã dùng,89000.0,Nhập khẩu,Coupe,Xăng  3.0 L,Xăng,3.0,Đỏ,Kem,5,4,12/04/2025,68 Lê Văn Lương Hà Nội,Hà Nội
6179801,"Xe 
			
							Mazda CX5 
						2.5 AT 
						2016
						- 440 Triệu",440 Triệu,2016,Xe Mazda CX5 2.5 AT,440.0,Xe đã dùng,0.0,Lắp ráp trong nước,SUV,Xăng  2.5 L,Xăng,2.5,Vàng,Ghi,5,5,12/04/2025,627 Mê Linh - Khai Quang - Vĩnh Yên Vĩnh Phúc,
6079246,"Xe 
			
							Ford EcoSport 
						Titanium 1.5L AT 
						2017
						- 365 Triệu",365 Triệu,2017,Xe Ford EcoSport Titanium 1.5L AT,365.0,Xe đã dùng,80000.0,Lắp ráp trong nước,SUV,Xăng  1.5 L,Xăng,1.5,Đen,Đen,5,5,12/04/2025,"202/2 Đt 743, P. An Phú, Tp Thuận An Bình Dương",
6048395,"Xe 
			
							Mercedes Benz E class 
						E200 Sport 
						2019
						- 1 Tỷ 270 Triệu",1 Tỷ 270 Triệu,2019,Xe Mercedes Benz E class E200 Sport,1000.0,Xe đã dùng,50000.0,Lắp ráp trong nước,Sedan,Xăng  2.0 L,Xăng,2.0,Đen,Nâu,5,4,12/04/2025,46 D11 - Glemxico - Lê Trọng Tấn - Hoài Đức - Hà Nội Hà Nội,Hà Nội
6161968,"Xe 
			
							Suzuki Swift 
						1.4 AT 
						2016
						- 324 Triệu",324 Triệu,2016,Xe Suzuki Swift 1.4 AT,324.0,Xe đã dùng,54000.0,Lắp ráp trong nước,Hatchback,Xăng  1.4 L,Xăng,1.4,Trắng,Nâu,5,5,12/04/2025,Hà Nội Hà Nội,Hà Nội
6161554,"Xe 
			
							Hyundai SantaFe 
						Cao cấp 2.2L HTRAC 
						2021
						- 1 Tỷ 89 Triệu",1 Tỷ 89 Triệu,2021,Xe Hyundai SantaFe Cao cấp 2.2L HTRAC,1000.0,Xe đã dùng,50000.0,Lắp ráp trong nước,SUV,Dầu  2.2 L,Dầu,2.2,Trắng,Nâu,7,5,12/04/2025,Hà Nội Hà Nội,Hà Nội
6144747,"Xe 
			
							Porsche 718 
						Cayman 2.0 AT 
						2021
						- 4 Tỷ 199 Triệu",4 Tỷ 199 Triệu,2021,Xe Porsche 718 Cayman 2.0 AT,4000.0,Xe đã dùng,20000.0,Nhập khẩu,Coupe,Xăng  2.0 L,Xăng,2.0,Hồng,Nâu,2,2,12/04/2025,"363 Nguyễn Xiển, Phường Đại Kim, Quận Thanh Xuân Hà Nội",Hà Nội
6103682,"Xe 
			
							Lexus LX 
						570 
						2019
						- 6 Tỷ 600 Triệu",6 Tỷ 600 Triệu,2019,Xe Lexus LX 570,6000.0,Xe đã dùng,99000.0,Nhập khẩu,SUV,Xăng  5.7 L,Xăng,5.7,Vàng,Kem,7,5,12/04/2025,"15 Lê Văn Lương, Trung Hoà, Cầu Giấy Hà Nội",Hà Nội
6024831,"Xe 
			
							Mercedes Benz C class 
						C200 Avantgarde 
						2022
						- 1 Tỷ 299 Triệu",1 Tỷ 299 Triệu,2022,Xe Mercedes Benz C class C200 Avantgarde,1000.0,Xe đã dùng,18000.0,Lắp ráp trong nước,Sedan,Xăng  1.5 L,Xăng,1.5,Đỏ,Đen,5,4,12/04/2025,"124 Khuất Duy Tiến, P. Nhân Chính, Q. Thanh Xuân Hà Nội",Hà Nội
6004986,"Xe 
			
							Mitsubishi Xpander 
						1.5 AT Special Edition 
						2019
						- 495 Triệu",495 Triệu,2019,Xe Mitsubishi Xpander 1.5 AT Special Edition,495.0,Xe đã dùng,60000.0,Nhập khẩu,SUV,Xăng  1.5 L,Xăng,1.5,Trắng,Nhiều màu,7,5,12/04/2025,"Số 17A Vũ Đức Thận, Long Biên Hà Nội",Hà Nội
6161956,"Xe 
			
							Toyota Camry 
						2.5Q 
						2018
						- 744 Triệu",744 Triệu,2018,Xe Toyota Camry 2.5Q,744.0,Xe đã dùng,85000.0,Lắp ráp trong nước,Sedan,Xăng  2.5 L,Xăng,2.5,Đen,Nâu,5,4,12/04/2025,Hà Nội Hà Nội,Hà Nội
5604590,"Xe 
			
							Toyota Alphard 
						2.4 AT 
						2025
						- 4 Tỷ 370 Triệu",4 Tỷ 370 Triệu,2025,Xe Toyota Alphard 2.4 AT,4000.0,Xe mới,,Nhập khẩu,Van/Minivan,Xăng  2.4 L,Xăng,2.4,Đen,Nâu,7,5,12/04/2025,"Hà Đông Hà Nội 
								 Xem gian hàng  ⇨",Hà Nội
6161421,"Xe 
			
							Toyota Yaris 
						1.5G 
						2020
						- 505 Triệu",505 Triệu,2020,Xe Toyota Yaris 1.5G,505.0,Xe đã dùng,50000.0,Nhập khẩu,Hatchback,Xăng  1.5 L,Xăng,1.5,Trắng,Kem,5,5,12/04/2025,Hà Nội Hà Nội,Hà Nội
5905052,"Xe 
			
							Hyundai Elantra 
						1.6 MT 
						2021
						- 410 Triệu",410 Triệu,2021,Xe Hyundai Elantra 1.6 MT,410.0,Xe đã dùng,50000.0,Lắp ráp trong nước,Sedan,Xăng  1.6 L,Xăng,1.6,Trắng,Kem,5,4,12/04/2025,209 Nguyễn Xiển - Phường Hạ Đình - Thanh Xuân Hà Nội,Hà Nội
6170356,"Xe 
			
							Kia K3 
						Premium 1.6 AT 
						2022
						- 569 Triệu",569 Triệu,2022,Xe Kia K3 Premium 1.6 AT,569.0,Xe đã dùng,38000.0,Lắp ráp trong nước,Sedan,Xăng  1.6 L,Xăng,1.6,Đen,Nhiều màu,5,4,12/04/2025,"Số 79 Nguyễn Chánh, Trung Hoà, Cầu Giấy Hà Nội",Hà Nội
6079473,"Xe 
			
							Ford Ranger 
						Wildtrak 2.0L 4x4 AT 
						2023
						- 868 Triệu",868 Triệu,2023,Xe Ford Ranger Wildtrak 2.0L 4x4 AT,868.0,Xe đã dùng,0.0,Lắp ráp trong nước,Bán tải / Pickup,Dầu  2.0 L,Dầu,2.0,Vàng,Đen,5,4,12/04/2025,"15 Đường số 3, P. Tân Kiểng, Quận 7 TP HCM",TP HCM
5977219,"Xe 
			
							Kia Carnival 
						Signature 2.2D 
						2025
						- 1 Tỷ 589 Triệu",1 Tỷ 589 Triệu,2025,Xe Kia Carnival Signature 2.2D,1000.0,Xe mới,,Lắp ráp trong nước,Van/Minivan,Dầu  2.2 L,Dầu,2.2,Ghi,Nâu,7,5,12/04/2025,"568 Đường Láng, Đống Đa Hà Nội 
								 Xem gian hàng  ⇨",Hà Nội
5897717,"Xe 
			
							Mercedes Benz C class 
						C300 AMG 
						2019
						- 999 Triệu",999 Triệu,2019,Xe Mercedes Benz C class C300 AMG,999.0,Xe đã dùng,70000.0,Lắp ráp trong nước,Sedan,Xăng  2.0 L,Xăng,2.0,Đỏ,Nâu,5,4,12/04/2025,"25A Lê Văn Lương, Trung Hòa - Cầu Giấy Hà Nội",Hà Nội
6170667,"Xe 
			
							Mazda 3 
						1.5 AT 
						2018
						- 445 Triệu",445 Triệu,2018,Xe Mazda 3 1.5 AT,445.0,Xe đã dùng,82000.0,Lắp ráp trong nước,Sedan,Xăng  1.5 L,Xăng,1.5,Trắng,Đen,5,4,12/04/2025,"79 Nguyễn Chánh, Trung Hoà, Cầu Giấy Hà Nội",Hà Nội
6138755,"Xe 
			
							Lexus LX 
						570 Super Sport MBS 
						2019
						- 7 Tỷ 350 Triệu",7 Tỷ 350 Triệu,2019,Xe Lexus LX 570 Super Sport MBS,7000.0,Xe đã dùng,91502.0,Nhập khẩu,SUV,Xăng  5.7 L,Xăng,5.7,Đen,Nâu,4,5,12/04/2025,Số 99 Thành Thái - Cầu Giấy Hà Nội,Hà Nội
6098139,"Xe 
			
							Lamborghini Huracan 
						LP610 Coupe 
						2014
						- 8 Tỷ 900 Triệu",8 Tỷ 900 Triệu,2014,Xe Lamborghini Huracan LP610 Coupe,8000.0,Xe đã dùng,20000.0,Nhập khẩu,Coupe,Xăng  5.2 L,Xăng,5.2,Cam,Cam,2,2,12/04/2025,"140 Nguyễn Văn Giáp, Nam Từ Liêm Hà Nội",Hà Nội
5996787,"Xe 
			
							Mazda 2 
						Luxury 
						2023
						- 455 Triệu",455 Triệu,2023,Xe Mazda 2 Luxury,455.0,Xe đã dùng,13000.0,Nhập khẩu,Sedan,Xăng  1.5 L,Xăng,1.5,Đỏ,Đen,5,4,12/04/2025,"389 Quốc Lộ 13, P.Hiệp Bình Phước, Quận Thủ Đức TP HCM",TP HCM
5936668,"Xe 
			
							Toyota Innova 
						2.0G 
						2019
						- 590 Triệu",590 Triệu,2019,Xe Toyota Innova 2.0G,590.0,Xe đã dùng,87000.0,Lắp ráp trong nước,Crossover,Xăng  2.0 L,Xăng,2.0,Trắng,Nâu,8,5,12/04/2025,"21H đường Phạm Hùng, Bình Chánh TP HCM",TP HCM
6175936,"Xe 
			
							Jaguar I-Pace 
						SE EV400 AWD 
						2022
						- 2 Tỷ 598 Triệu",2 Tỷ 598 Triệu,2022,,2000.0,Xe đã dùng,4999.0,Nhập khẩu,Crossover,Điện,Điện,,Xanh,Đen,5,5,12/04/2025,"290 Nguyễn Văn Linh, Quận 7 TP HCM 
								 Xem gian hàng  ⇨",TP HCM
6170704,"Xe 
			
							Toyota Rush 
						1.5S AT 
						2021
						- 530 Triệu",530 Triệu,2021,Xe Toyota Rush 1.5S AT,530.0,Xe đã dùng,47000.0,Nhập khẩu,SUV,Xăng  1.5 L,Xăng,1.5,Đen,Đen,7,5,12/04/2025,"Ngã ba Pháp Vân, Phường Hoàng Liệt, Quận Hoàng Mai Hà Nội",Hà Nội
5920586,"Xe 
			
							Mercedes Benz Maybach 
						GLS 600 4Matic 
						2021
						- 8 Tỷ 980 Triệu",8 Tỷ 980 Triệu,2021,Xe Mercedes Benz Maybach GLS 600 4Matic,8000.0,Xe đã dùng,45000.0,Nhập khẩu,SUV,Xăng  4.0 L,Xăng,4.0,Đen,Đỏ,4,5,12/04/2025,"88 Tố Hữu, Vạn Phúc, Hà Đông Hà Nội",Hà Nội
5663074,"Xe 
			
							Toyota Land Cruiser 
						3.5 V6 
						2025
						- 4 Tỷ 580 Triệu",4 Tỷ 580 Triệu,2025,Xe Toyota Land Cruiser 3.5 V6,4000.0,Xe mới,,Nhập khẩu,SUV,Xăng  3.4 L,Xăng,3.4,Đen,Đen,7,5,12/04/2025,"Hà Đông Hà Nội 
								 Xem gian hàng  ⇨",Hà Nội
6067943,"Xe 
			
							Ford Everest 
						Platinum 2.0L 4x4 AT 
						2025
						- 1 Tỷ 545 Triệu",1 Tỷ 545 Triệu,2025,Xe Ford Everest Platinum 2.0L 4x4 AT,1000.0,Xe mới,,Nhập khẩu,SUV,Dầu  2.0 L,Dầu,2.0,Đen,Đen,7,5,12/04/2025,Số 6 Phạm Văn Bạch - Yên Hoà - Cầu Giấy Hà Nội,Hà Nội
6184515,"Xe 
			
							Honda HRV 
						G 
						2024
						- 684 Triệu",684 Triệu,2024,Xe Honda HRV G,684.0,Xe đã dùng,7000.0,Nhập khẩu,Crossover,Xăng  1.5 L,Xăng,1.5,Đen,Đen,5,5,12/04/2025,Hà Nội Hà Nội,Hà Nội
6105005,"Xe 
			
							Hyundai Elantra 
						1.6 AT Đặc biệt 
						2024
						- 620 Triệu",620 Triệu,2024,Xe Hyundai Elantra 1.6 AT Đặc biệt,620.0,Xe đã dùng,6000.0,Lắp ráp trong nước,Sedan,Xăng  1.6 L,Xăng,1.6,Đen,Đen,5,4,12/04/2025,"79 Nguyễn Chánh, Trung Hoà, Cầu Giấy Hà Nội",Hà Nội
6157036,"Xe 
			
							Porsche Cayenne 
						S 
						2018
						- 4 Tỷ 850 Triệu",4 Tỷ 850 Triệu,2018,Xe Porsche Cayenne S,4000.0,Xe đã dùng,71000.0,Nhập khẩu,SUV,Xăng  2.9 L,Xăng,2.9,Đen,Kem,5,5,12/04/2025,"Ngõ 71 số 75 Phường Đức Giang, Quận Long Biên Hà Nội",Hà Nội
6131345,"Xe 
			
							Ford Ranger 
						XLS 2.0L 4x2 AT 
						2025
						- 610 Triệu",610 Triệu,2025,Xe Ford Ranger XLS 2.0L 4x2 AT,610.0,Xe mới,,Lắp ráp trong nước,Bán tải / Pickup,Dầu  2.0 L,Dầu,2.0,Trắng,Đen,5,4,12/04/2025,"Đống Đa Hà Nội 
								 Xem gian hàng  ⇨",Hà Nội
6077557,"Xe 
			
							BMW 5 Series 
						528i GT 
						2013
						- 699 Triệu",699 Triệu,2013,Xe BMW 5 Series 528i GT,699.0,Xe đã dùng,110000.0,Nhập khẩu,Sedan,Xăng  2.0 L,Xăng,2.0,Xám,Kem,5,4,12/04/2025,"Số 2 Hạ Yên Quyết - Cầu Giấy Hà Nội 
								 Xem gian hàng  ⇨",Hà Nội
6181771,"Xe 
			
							Ford EcoSport 
						Titanium 1.5L AT 
						2020
						- 439 Triệu",439 Triệu,2020,Xe Ford EcoSport Titanium 1.5L AT,439.0,Xe đã dùng,66000.0,Lắp ráp trong nước,SUV,Xăng  1.5 L,Xăng,1.5,Đen,Đen,5,5,12/04/2025,"TP. Thủ Đức TP HCM 
								 Xem gian hàng  ⇨",TP HCM
6131115,"Xe 
			
							Ford Territory 
						Titanium X 1.5 AT 
						2023
						- 865 Triệu",865 Triệu,2023,Xe Ford Territory Titanium X 1.5 AT,865.0,Xe đã dùng,12000.0,Lắp ráp trong nước,SUV,Xăng  1.5 L,Xăng,1.5,Trắng,Đen,5,5,12/04/2025,"39 Chế Lan Viên, Phường Tây Thạnh, Quận Tân Phú TP HCM 
								 Xem gian hàng  ⇨",TP HCM
6139604,"Xe 
			
							Toyota Innova 
						2.0E 
						2012
						- 255 Triệu",255 Triệu,2012,Xe Toyota Innova 2.0E,255.0,Xe đã dùng,120000.0,Lắp ráp trong nước,Crossover,Xăng  2.0 L,Xăng,2.0,Bạc,Nhiều màu,8,5,12/04/2025,Khu 8 thị trấn Đoan Hùng Phú Thọ,
6184507,"Xe 
			
							Toyota Corolla altis 
						1.8G AT 
						2020
						- 589 Triệu",589 Triệu,2020,Xe Toyota Corolla altis 1.8G AT,589.0,Xe đã dùng,60000.0,Lắp ráp trong nước,Sedan,Xăng  1.8 L,Xăng,1.8,Đen,Kem,5,4,12/04/2025,"23 Vũ Đức Thận,  Long Biên Hà Nội",Hà Nội
6180777,"Xe 
			
							Nissan Terra 
						E 2.5 AT 2WD 
						2019
						- 695 Triệu",695 Triệu,2019,Xe Nissan Terra E 2.5 AT 2WD,695.0,Xe đã dùng,31000.0,Nhập khẩu,SUV,Xăng  2.5 L,Xăng,2.5,Đỏ,Nâu,7,5,12/04/2025,"69 Chế Lan Viên, Phường Tây Thạnh, Quận Tân Phú TP HCM 
								 Xem gian hàng  ⇨",TP HCM
6173556,"Xe 
			
							Mercedes Benz GLC 
						250 4Matic 
						2017
						- 950 Triệu",950 Triệu,2017,Xe Mercedes Benz GLC 250 4Matic,950.0,Xe đã dùng,57000.0,Lắp ráp trong nước,SUV,Xăng  2.0 L,Xăng,2.0,Đỏ,Nâu,5,5,12/04/2025,439 Cộng Hòa - P15 - Q Tân Bình TP HCM,TP HCM
6143107,"Xe 
			
							Mercedes Benz GLC 
						300 4Matic 
						2022
						- 1 Tỷ 699 Triệu",1 Tỷ 699 Triệu,2022,Xe Mercedes Benz GLC 300 4Matic,1000.0,Xe đã dùng,19000.0,Lắp ráp trong nước,SUV,Xăng  2.0 L,Xăng,2.0,Xám,Kem,5,5,12/04/2025,"2Bis Nguyễn Huy Điển, Phường 7, Q.Gò Vấp TP HCM 
								 Xem gian hàng  ⇨",TP HCM
6037894,"Xe 
			
							Mitsubishi Xpander 
						Cross 1.5 AT 
						2021
						- 539 Triệu",539 Triệu,2021,Xe Mitsubishi Xpander Cross 1.5 AT,539.0,Xe đã dùng,63000.0,Nhập khẩu,SUV,Xăng  1.5 L,Xăng,1.5,Cam,Nhiều màu,7,5,12/04/2025,"Số 10 Bt 2 - Kđt Văn Phú, Hà Đông Hà Nội",Hà Nội
6036101,"Xe 
			
							VinFast Lux SA 2.0 
						Plus 2.0 AT 
						2021
						- 749 Triệu",749 Triệu,2021,Xe VinFast Lux SA 2.0 Plus 2.0 AT,749.0,Xe đã dùng,78000.0,Lắp ráp trong nước,SUV,Xăng  2.0 L,Xăng,2.0,Trắng,Nâu,7,5,12/04/2025,"389A Nguyễn Xiển, P.Đại Kim, Q.Hoàng Mai Hà Nội",Hà Nội
5984503,"Xe 
			
							Toyota Corolla altis 
						1.8G AT 
						2016
						- 465 Triệu",465 Triệu,2016,Xe Toyota Corolla altis 1.8G AT,465.0,Xe đã dùng,85000.0,Lắp ráp trong nước,Sedan,Xăng  1.8 L,Xăng,1.8,Nâu,Đen,5,4,12/04/2025,"Km14+300 QL6 Ba la, Hà Đông Hà Nội",Hà Nội
6148240,"Xe 
			
							Mercedes Benz S class 
						S500L 
						2011
						- 838 Triệu",838 Triệu,2011,Xe Mercedes Benz S class S500L,838.0,Xe đã dùng,0.0,Nhập khẩu,Sedan,Xăng  4.7 L,Xăng,4.7,Đen,Kem,5,4,12/04/2025,"720 Nguyễn Văn Cừ, Long Biên Hà Nội",Hà Nội
6047508,"Xe 
			
							Mercedes Benz E class 
						E200 
						2020
						- 1 Tỷ 79 Triệu",1 Tỷ 79 Triệu,2020,Xe Mercedes Benz E class E200,1000.0,Xe đã dùng,0.0,Lắp ráp trong nước,Sedan,Xăng  2.0 L,Xăng,2.0,Trắng,Đen,5,4,12/04/2025,"Tp Hcm TP HCM 
								 Xem gian hàng  ⇨",TP HCM
6166138,"Xe 
			
							Honda CRV 
						2.4 AT 
						2016
						- 560 Triệu",560 Triệu,2016,Xe Honda CRV 2.4 AT,560.0,Xe đã dùng,130000.0,Lắp ráp trong nước,SUV,Xăng  2.4 L,Xăng,2.4,Đen,Đen,5,5,12/04/2025,397 Nguyễn Xiển - Thanh Xuân Hà Nội,Hà Nội
6163993,"Xe 
			
							Toyota Wigo 
						G 1.2 AT 
						2024
						- 420 Triệu",420 Triệu,2024,Xe Toyota Wigo G 1.2 AT,420.0,Xe đã dùng,2800.0,Nhập khẩu,Hatchback,Xăng  1.2 L,Xăng,1.2,Trắng,Đen,5,5,12/04/2025,"Ngã ba Pháp Vân, Phường Hoàng Liệt, Quận Hoàng Mai Hà Nội",Hà Nội
6149413,"Xe 
			
							Ford Everest 
						Titanium 2.0L 4x2 AT 
						2022
						- 1 Tỷ 5 Triệu",1 Tỷ 5 Triệu,2022,Xe Ford Everest Titanium 2.0L 4x2 AT,1000.0,Xe đã dùng,42000.0,Nhập khẩu,SUV,Dầu  2.0 L,Dầu,2.0,Bạc,Đen,7,5,12/04/2025,"161F phường 3, Quận 8 TP HCM 
								 Xem gian hàng  ⇨",TP HCM
6138272,"Xe 
			
							Lexus RX 
						350h Premium 
						2025
						- 3 Tỷ 500 Triệu",3 Tỷ 500 Triệu,2025,Xe Lexus RX 350h Premium,3000.0,Xe mới,,Nhập khẩu,SUV,Hybrid  2.5 L,Hybrid,2.5,Trắng,Màu khác,5,5,12/04/2025,"Số 1 Dương Đình Nghệ, Nam Từ Liêm Hà Nội 
								 Xem gian hàng  ⇨",Hà Nội
6091423,"Xe 
			
							Lexus ES 
						250 
						2025
						- 2 Tỷ 360 Triệu",2 Tỷ 360 Triệu,2025,Xe Lexus ES 250,2000.0,Xe mới,,Nhập khẩu,Sedan,Xăng  2.5 L,Xăng,2.5,Bạc,Nâu,5,4,12/04/2025,"Tổ dân phố 8, P Mỹ Đình 1, Q Nam Từ Liêm (Ngã 4 Phạm Hùng vs Dương Đình Nghệ) Hà Nội",Hà Nội
6075155,"Xe 
			
							Mercedes Benz Vito 
						Tourer 121 
						2016
						- 1 Tỷ 680 Triệu",1 Tỷ 680 Triệu,2016,Xe Mercedes Benz Vito Tourer 121,1000.0,Xe đã dùng,0.0,Nhập khẩu,Van/Minivan,Xăng  2.0 L,Xăng,2.0,Bạc,Nâu,8,5,12/04/2025,"138 Cộng Hòa, P4, Q. Tân Bình TP HCM",TP HCM
5944275,"Xe 
			
							Hyundai Creta 
						Tiêu chuẩn 1.5 AT 
						2022
						- 585 Triệu",585 Triệu,2022,Xe Hyundai Creta Tiêu chuẩn 1.5 AT,585.0,Xe đã dùng,0.0,Nhập khẩu,Crossover,Xăng  1.5 L,Xăng,1.5,Trắng,Đen,5,5,12/04/2025,68 Lê Văn Lương Hà Nội,Hà Nội
6178819,"Xe 
			
							Ford Ranger 
						Raptor 2.0L 4x4 AT 
						2023
						- 1 Tỷ 130 Triệu",1 Tỷ 130 Triệu,2023,Xe Ford Ranger Raptor 2.0L 4x4 AT,1000.0,Xe đã dùng,44000.0,Nhập khẩu,Bán tải / Pickup,Dầu  2.0 L,Dầu,2.0,Trắng,Đen,5,4,12/04/2025,Hồ Chí Minh TP HCM,TP HCM
